,address_id,address,city_id
0,1,47 MySakila Drive,300
1,2,28 MySQL Boulevard,576
2,3,23 Workhaven Lane,300
3,4,1411 Lillydale Drive,576
4,5,1913 Hanoi Way,463
5,6,1121 Loja Avenue,449
6,7,692 Joliet Street,38
7,8,1566 Inegl Manor,349
8,9,53 Idfu Parkway,361
9,10,1795 Santiago de Compostela Way,295
10,11,900 Santiago de Compostela Parkway,280
11,12,478 Joliet Way,200
12,13,613 Korolev Drive,329
13,14,1531 Sal Drive,162
14,15,1542 Tarlac Parkway,440
15,16,808 Bhopal Manor,582
16,17,270 Amroha Parkway,384
17,18,770 Bydgoszcz Avenue,120
18,19,419 Iligan Lane,76
19,20,360 Toulouse Parkway,495
20,21,270 Toulon Boulevard,156
21,22,320 Brest Avenue,252
22,23,1417 Lancaster Avenue,267
23,24,1688 Okara Way,327
24,25,262 A Corua (La Corua) Parkway,525
25,26,28 Charlotte Amalie Street,443
26,27,1780 Hino Boulevard,303
27,28,96 Tafuna Way,128
28,29,934 San Felipe de Puerto Plata Street,472
29,30,18 Duisburg Boulevard,121
30,31,217 Botshabelo Place,138
31,32,1425 Shikarpur Manor,346
32,33,786 Aurora Avenue,474
33,34,1668 Anpolis Street,316
34,35,33 Gorontalo Way,257
35,36,176 Mandaluyong Place,239
36,37,127 Purnea (Purnia) Manor,17
37,38,61 Tama Street,284
38,39,391 Callao Drive,544
39,40,334 Munger (Monghyr) Lane,31
40,41,1440 Fukuyama Loop,362
41,42,269 Cam Ranh Parkway,115
42,43,306 Antofagasta Place,569
43,44,671 Graz Street,353
44,45,42 Brindisi Place,586
45,46,1632 Bislig Avenue,394
46,47,1447 Imus Way,167
47,48,1998 Halifax Drive,308
48,49,1718 Valencia Street,27
49,50,46 Pjatigorsk Lane,343
50,51,686 Garland Manor,247
51,52,909 Garland Manor,367
52,53,725 Isesaki Place,237
53,54,115 Hidalgo Parkway,379
54,55,1135 Izumisano Parkway,171
55,56,939 Probolinggo Loop,1
56,57,17 Kabul Boulevard,355
57,58,1964 Allappuzha (Alleppey) Street,227
58,59,1697 Kowloon and New Kowloon Loop,49
59,60,1668 Saint Louis Place,397
60,61,943 Tokat Street,560
61,62,1114 Liepaja Street,282
62,63,1213 Ranchi Parkway,350
63,64,81 Hodeida Way,231
64,65,915 Ponce Place,56
65,66,1717 Guadalajara Lane,441
66,67,1214 Hanoi Way,306
67,68,1966 Amroha Avenue,139
68,69,698 Otsu Street,105
69,70,1150 Kimchon Manor,321
70,71,1586 Guaruj Place,579
71,72,57 Arlington Manor,475
72,73,1031 Daugavpils Parkway,63
73,74,1124 Buenaventura Drive,13
74,75,492 Cam Ranh Street,61
75,76,89 Allappuzha (Alleppey) Manor,517
76,77,1947 Poos de Caldas Boulevard,114
77,78,1206 Dos Quebradas Place,431
78,79,1551 Rampur Lane,108
79,80,602 Paarl Street,402
80,81,1692 Ede Loop,30
81,82,936 Salzburg Lane,425
82,83,586 Tete Way,256
83,84,1888 Kabul Drive,217
84,85,320 Baiyin Parkway,319
85,86,927 Baha Blanca Parkway,479
86,87,929 Tallahassee Loop,497
87,88,125 Citt del Vaticano Boulevard,40
88,89,1557 Ktahya Boulevard,88
89,90,870 Ashqelon Loop,489
90,91,1740 Portoviejo Avenue,480
91,92,1942 Ciparay Parkway,113
92,93,1926 El Alto Avenue,289
93,94,1952 Chatsworth Drive,332
94,95,1370 Le Mans Avenue,53
95,96,984 Effon-Alaiye Avenue,183
96,97,832 Nakhon Sawan Manor,592
97,98,152 Kitwe Parkway,82
98,99,1697 Tanauan Lane,399
99,100,1308 Arecibo Way,41
100,101,1599 Plock Drive,534
101,102,669 Firozabad Loop,12
102,103,588 Vila Velha Manor,268
103,104,1913 Kamakura Place,238
104,105,733 Mandaluyong Place,2
105,106,659 Vaduz Drive,34
106,107,1177 Jelets Way,220
107,108,1386 Yangor Avenue,543
108,109,454 Nakhon Sawan Boulevard,173
109,110,1867 San Juan Bautista Tuxtepec Avenue,225
110,111,1532 Dzerzinsk Way,334
111,112,1002 Ahmadnagar Manor,213
112,113,682 Junan Way,273
113,114,804 Elista Drive,159
114,115,1378 Alvorada Avenue,102
115,116,793 Cam Ranh Avenue,292
116,117,1079 Tel Aviv-Jaffa Boulevard,132
117,118,442 Rae Bareli Place,148
118,119,1107 Nakhon Sawan Avenue,365
119,120,544 Malm Parkway,403
120,121,1967 Sincelejo Place,176
121,122,333 Goinia Way,185
122,123,1987 Coacalco de Berriozbal Loop,476
123,124,241 Mosul Lane,147
124,125,211 Chiayi Drive,164
125,126,1175 Tanauan Way,305
126,127,117 Boa Vista Way,566
127,128,848 Tafuna Manor,281
128,129,569 Baicheng Lane,85
129,130,1666 Qomsheh Drive,410
130,131,801 Hagonoy Drive,484
131,132,1050 Garden Grove Avenue,236
132,133,1854 Tieli Street,302
133,134,758 Junan Lane,190
134,135,1752 So Leopoldo Parkway,345
135,136,898 Belm Manor,87
136,137,261 Saint Louis Way,541
137,138,765 Southampton Drive,421
138,139,943 Johannesburg Avenue,417
139,140,788 Atinsk Street,211
140,141,1749 Daxian Place,29
141,142,1587 Sullana Lane,207
142,143,1029 Dzerzinsk Manor,542
143,144,1666 Beni-Mellal Place,123
144,145,928 Jaffna Loop,172
145,146,483 Ljubertsy Parkway,149
146,147,374 Bat Yam Boulevard,266
147,148,1027 Songkhla Manor,340
148,149,999 Sanaa Loop,491
149,150,879 Newcastle Way,499
150,151,1337 Lincoln Parkway,555
151,152,1952 Pune Lane,442
152,153,782 Mosul Street,94
153,154,781 Shimonoseki Drive,202
154,155,1560 Jelets Boulevard,291
155,156,1963 Moscow Place,354
156,157,456 Escobar Way,232
157,158,798 Cianjur Avenue,590
158,159,185 Novi Sad Place,72
159,160,1367 Yantai Manor,381
160,161,1386 Nakhon Sawan Boulevard,420
161,162,369 Papeete Way,187
162,163,1440 Compton Place,307
163,164,1623 Baha Blanca Manor,310
164,165,97 Shimoga Avenue,533
165,166,1740 Le Mans Loop,297
166,167,1287 Xiangfan Boulevard,253
167,168,842 Salzburg Lane,529
168,169,154 Tallahassee Loop,199
169,170,710 San Felipe del Progreso Avenue,304
170,171,1540 Wroclaw Drive,107
171,172,475 Atinsk Way,240
172,173,1294 Firozabad Drive,407
173,174,1877 Ezhou Lane,550
174,175,316 Uruapan Street,223
175,176,29 Pyongyang Loop,58
176,177,1010 Klerksdorp Way,186
177,178,1848 Salala Boulevard,373
178,179,431 Xiangtan Avenue,18
179,180,757 Rustenburg Avenue,483
180,181,146 Johannesburg Way,330
181,182,1891 Rizhao Boulevard,456
182,183,1089 Iwatsuki Avenue,270
183,184,1410 Benin City Parkway,405
184,185,682 Garden Grove Place,333
185,186,533 al-Ayn Boulevard,126
186,187,1839 Szkesfehrvr Parkway,317
187,188,741 Ambattur Manor,438
188,189,927 Barcelona Street,467
189,190,435 0 Way,195
190,191,140 Chiayi Parkway,506
191,192,1166 Changhwa Street,62
192,193,891 Novi Sad Manor,383
193,194,605 Rio Claro Parkway,513
194,195,1077 San Felipe de Puerto Plata Place,369
195,196,9 San Miguel de Tucumn Manor,169
196,197,447 Surakarta Loop,271
197,198,345 Oshawa Boulevard,204
198,199,1792 Valle de la Pascua Place,477
199,200,1074 Binzhou Manor,325
200,201,817 Bradford Loop,109
201,202,955 Bamenda Way,218
202,203,1149 A Corua (La Corua) Boulevard,194
203,204,387 Mwene-Ditu Drive,35
204,205,68 Molodetno Manor,575
205,206,642 Nador Drive,77
206,207,1688 Nador Lane,184
207,208,1215 Pyongyang Parkway,557
208,209,1679 Antofagasta Street,122
209,210,1304 s-Hertogenbosch Way,83
210,211,850 Salala Loop,371
211,212,624 Oshawa Boulevard,51
212,213,43 Dadu Avenue,74
213,214,751 Lima Loop,7
214,215,1333 Haldia Street,174
215,216,660 Jedda Boulevard,65
216,217,1001 Miyakonojo Lane,518
217,218,226 Brest Manor,508
218,219,1229 Valencia Parkway,498
219,220,1201 Qomsheh Manor,28
220,221,866 Shivapuri Manor,448
221,222,1168 Najafabad Parkway,251
222,223,1244 Allappuzha (Alleppey) Place,567
223,224,1842 Luzinia Boulevard,593
224,225,1926 Gingoog Street,511
225,226,810 Palghat (Palakkad) Boulevard,235
226,227,1820 Maring Parkway,324
227,228,60 Poos de Caldas Street,243
228,229,1014 Loja Manor,22
229,230,201 Effon-Alaiye Way,37
230,231,430 Alessandria Loop,439
231,232,754 Valencia Place,406
232,233,356 Olomouc Manor,26
233,234,1256 Bislig Boulevard,86
234,235,954 Kimchon Place,559
235,236,885 Yingkou Manor,596
236,237,1736 Cavite Place,216
237,238,346 Skikda Parkway,233
238,239,98 Stara Zagora Boulevard,96
239,240,1479 Rustenburg Boulevard,527
240,241,647 A Corua (La Corua) Street,357
241,242,1964 Gijn Manor,473
242,243,47 Syktyvkar Lane,118
243,244,1148 Saarbrcken Parkway,226
244,245,1103 Bilbays Parkway,578
245,246,1246 Boksburg Parkway,422
246,247,1483 Pathankot Street,454
247,248,582 Papeete Loop,294
248,249,300 Junan Street,553
249,250,829 Grand Prairie Way,328
250,251,1473 Changhwa Parkway,124
251,252,1309 Weifang Street,520
252,253,1760 Oshawa Manor,535
253,254,786 Stara Zagora Way,390
254,255,1966 Tonghae Street,198
255,256,1497 Yuzhou Drive,312
256,258,752 Ondo Loop,338
257,259,1338 Zalantun Lane,413
258,260,127 Iwakuni Boulevard,192
259,261,51 Laredo Avenue,342
260,262,771 Yaound Manor,64
261,263,532 Toulon Street,460
262,264,1027 Banjul Place,197
263,265,1158 Mandi Bahauddin Parkway,136
264,266,862 Xintai Lane,548
265,267,816 Cayenne Parkway,414
266,268,1831 Nam Dinh Loop,323
267,269,446 Kirovo-Tepetsk Lane,203
268,270,682 Halisahar Place,378
269,271,1587 Loja Manor,447
270,272,1762 Paarl Parkway,298
271,273,1519 Ilorin Place,395
272,274,920 Kumbakonam Loop,446
273,275,906 Goinia Way,255
274,276,1675 Xiangfan Manor,283
275,277,85 San Felipe de Puerto Plata Drive,584
276,278,144 South Hill Loop,445
277,279,1884 Shikarpur Avenue,263
278,280,1980 Kamjanets-Podilskyi Street,404
279,281,1944 Bamenda Way,573
280,282,556 Baybay Manor,374
281,283,457 Tongliao Loop,222
282,284,600 Bradford Street,514
283,285,1006 Santa Brbara dOeste Manor,389
284,286,1308 Sumy Loop,175
285,287,1405 Chisinau Place,411
286,288,226 Halifax Street,277
287,289,1279 Udine Parkway,69
288,290,1336 Benin City Drive,386
289,291,1155 Liaocheng Place,152
290,292,1993 Tabuk Lane,522
291,293,86 Higashiosaka Lane,563
292,294,1912 Allende Manor,279
293,295,544 Tarsus Boulevard,562
294,296,1936 Cuman Avenue,433
295,297,1192 Tongliao Street,470
296,298,44 Najafabad Way,146
297,299,32 Pudukkottai Lane,140
298,300,661 Chisinau Lane,274
299,301,951 Stara Zagora Manor,400
300,302,922 Vila Velha Loop,9
301,303,898 Jining Lane,387
302,304,1635 Kuwana Boulevard,205
303,305,41 El Alto Parkway,398
304,306,1883 Maikop Lane,254
305,307,1908 Gaziantep Place,536
306,308,687 Alessandria Parkway,455
307,309,827 Yuncheng Drive,99
308,310,913 Coacalco de Berriozbal Loop,33
309,311,715 So Bernardo do Campo Lane,507
310,312,1354 Siegen Street,25
311,313,1191 Sungai Petani Boulevard,262
312,314,1224 Huejutla de Reyes Boulevard,91
313,315,543 Bergamo Avenue,215
314,316,746 Joliet Lane,286
315,317,780 Kimberley Way,515
316,318,1774 Yaound Place,166
317,319,1957 Yantai Lane,490
318,320,1542 Lubumbashi Boulevard,57
319,321,651 Pathankot Loop,336
320,322,1359 Zhoushan Parkway,545
321,323,1769 Iwaki Lane,97
322,324,1145 Vilnius Manor,451
323,325,1892 Nabereznyje Telny Lane,516
324,326,470 Boksburg Street,81
325,327,1427 A Corua (La Corua) Place,45
326,328,479 San Felipe del Progreso Avenue,130
327,329,867 Benin City Avenue,591
328,330,981 Kumbakonam Place,89
329,331,1016 Iwakuni Street,269
330,332,663 Baha Blanca Parkway,5
331,333,1860 Taguig Loop,119
332,334,1816 Bydgoszcz Loop,234
333,335,587 Benguela Manor,42
334,336,430 Kumbakonam Drive,457
335,337,1838 Tabriz Lane,143
336,338,431 Szkesfehrvr Avenue,48
337,339,503 Sogamoso Loop,505
338,340,507 Smolensk Loop,492
339,341,1920 Weifang Avenue,427
340,342,124 al-Manama Way,382
341,343,1443 Mardan Street,392
342,344,1909 Benguela Lane,581
343,345,68 Ponce Parkway,201
344,346,1217 Konotop Avenue,151
345,347,1293 Nam Dinh Way,84
346,348,785 Vaduz Street,335
347,349,1516 Escobar Drive,370
348,350,1628 Nagareyama Lane,453
349,351,1157 Nyeri Loop,320
350,352,1673 Tangail Drive,137
351,353,381 Kabul Way,209
352,354,953 Hodeida Street,221
353,355,469 Nakhon Sawan Street,531
354,356,1378 Beira Loop,597
355,357,1641 Changhwa Place,52
356,358,1698 Southport Loop,393
357,359,519 Nyeri Manor,461
358,360,619 Hunuco Avenue,331
359,361,45 Aparecida de Goinia Place,464
360,362,482 Kowloon and New Kowloon Manor,90
361,363,604 Bern Place,429
362,364,1623 Kingstown Drive,20
363,365,1009 Zanzibar Lane,32
364,366,114 Jalib al-Shuyukh Manor,585
365,367,1163 London Parkway,66
366,368,1658 Jastrzebie-Zdrj Loop,372
367,369,817 Laredo Avenue,188
368,370,1565 Tangail Manor,377
369,371,1912 Emeishan Drive,50
370,372,230 Urawa Drive,8
371,373,1922 Miraj Way,356
372,374,433 Florencia Street,250
373,375,1049 Matamoros Parkway,191
374,376,1061 Ede Avenue,98
375,377,154 Oshawa Manor,415
376,378,1191 Tandil Drive,523
377,379,1133 Rizhao Avenue,572
378,380,1519 Santiago de los Caballeros Loop,348
379,381,1618 Olomouc Manor,285
380,382,220 Hidalgo Drive,265
381,383,686 Donostia-San Sebastin Lane,471
382,384,97 Mogiljov Lane,73
383,385,1642 Charlotte Amalie Drive,549
384,386,1368 Maracabo Boulevard,493
385,387,401 Sucre Boulevard,322
386,388,368 Hunuco Boulevard,360
387,389,500 Lincoln Parkway,210
388,390,102 Chapra Drive,521
389,391,1793 Meixian Place,258
390,392,514 Ife Way,315
391,393,717 Changzhou Lane,104
392,394,753 Ilorin Avenue,157
393,395,1337 Mit Ghamr Avenue,358
394,396,767 Pyongyang Drive,229
395,397,614 Pak Kret Street,6
396,398,954 Lapu-Lapu Way,278
397,399,331 Bydgoszcz Parkway,181
398,400,1152 Citrus Heights Manor,15
399,401,168 Cianjur Manor,228
400,402,616 Hagonoy Avenue,39
401,403,1190 0 Place,44
402,404,734 Bchar Place,375
403,405,530 Lausanne Lane,135
404,406,454 Patiala Lane,276
405,407,1346 Mysore Drive,92
406,408,990 Etawah Loop,564
407,409,1266 Laredo Parkway,380
408,410,88 Nagaon Manor,524
409,411,264 Bhimavaram Manor,111
410,412,1639 Saarbrcken Drive,437
411,413,692 Amroha Drive,230
412,414,1936 Lapu-Lapu Parkway,141
413,415,432 Garden Grove Street,430
414,416,1445 Carmen Parkway,117
415,417,791 Salinas Street,208
416,418,126 Acua Parkway,71
417,419,397 Sunnyvale Avenue,19
418,420,992 Klerksdorp Loop,23
419,421,966 Arecibo Loop,134
420,422,289 Santo Andr Manor,16
421,423,437 Chungho Drive,450
422,424,1948 Bayugan Parkway,264
423,425,1866 al-Qatif Avenue,155
424,426,1661 Abha Drive,416
425,427,1557 Cape Coral Parkway,293
426,428,1727 Matamoros Place,465
427,429,1269 Botosani Manor,468
428,430,355 Vitria de Santo Anto Way,452
429,431,1596 Acua Parkway,418
430,432,259 Ipoh Drive,189
431,433,1823 Hoshiarpur Lane,510
432,434,1404 Taguig Drive,547
433,435,740 Udaipur Lane,150
434,436,287 Cuautla Boulevard,501
435,437,1766 Almirante Brown Street,364
436,438,596 Huixquilucan Place,351
437,439,1351 Aparecida de Goinia Parkway,391
438,440,722 Bradford Lane,249
439,441,983 Santa F Way,565
440,442,1245 Ibirit Way,290
441,443,1836 Korla Parkway,272
442,444,231 Kaliningrad Place,70
443,445,495 Bhimavaram Lane,144
444,446,1924 Shimonoseki Drive,59
445,447,105 Dzerzinsk Manor,540
446,448,614 Denizli Parkway,486
447,449,1289 Belm Boulevard,530
448,450,203 Tambaram Street,161
449,451,1704 Tambaram Manor,554
450,452,207 Cuernavaca Loop,352
451,453,319 Springs Loop,160
452,454,956 Nam Dinh Manor,481
453,455,1947 Paarl Way,509
454,456,814 Simferopol Loop,154
455,457,535 Ahmadnagar Manor,3
456,458,138 Caracas Boulevard,326
457,459,251 Florencia Drive,556
458,460,659 Gatineau Boulevard,153
459,461,1889 Valparai Way,600
460,462,1485 Bratislava Place,435
461,463,935 Aden Boulevard,532
462,464,76 Kermanshah Manor,423
463,465,734 Tanshui Avenue,170
464,466,118 Jaffna Loop,182
465,467,1621 Tongliao Avenue,558
466,468,1844 Usak Avenue,196
467,469,1872 Toulon Loop,428
468,470,1088 Ibirit Place,595
469,471,1322 Mosul Parkway,145
470,472,1447 Chatsworth Place,129
471,473,1257 Guadalajara Street,78
472,474,1469 Plock Lane,388
473,475,434 Ourense (Orense) Manor,206
474,476,270 Tambaram Parkway,244
475,477,1786 Salinas Place,359
476,478,1078 Stara Zagora Drive,301
477,479,1854 Okara Boulevard,158
478,480,421 Yaound Street,385
479,481,1153 Allende Way,179
480,482,808 Naala-Porto Parkway,500
481,483,632 Usolje-Sibirskoje Parkway,36
482,484,98 Pyongyang Boulevard,11
483,485,984 Novoterkassk Loop,180
484,486,64 Korla Street,347
485,487,1785 So Bernardo do Campo Street,125
486,488,698 Jelets Boulevard,142
487,489,1297 Alvorada Parkway,587
488,490,1909 Dayton Avenue,469
489,491,1789 Saint-Denis Parkway,4
490,492,185 Mannheim Lane,408
491,493,184 Mandaluyong Street,288
492,494,591 Sungai Petani Drive,376
493,495,656 Matamoros Drive,487
494,496,775 ostka Drive,337
495,497,1013 Tabuk Boulevard,261
496,498,319 Plock Parkway,504
497,499,1954 Kowloon and New Kowloon Way,434
498,500,362 Rajkot Lane,47
499,501,1060 Tandil Lane,432
500,502,1515 Korla Way,589
501,503,1416 San Juan Bautista Tuxtepec Avenue,444
502,504,1 Valle de Santiago Avenue,93
503,505,519 Brescia Parkway,318
504,506,414 Mandaluyong Street,314
505,507,1197 Sokoto Boulevard,478
506,508,496 Celaya Drive,552
507,509,786 Matsue Way,245
508,510,48 Maracabo Place,519
509,511,1152 al-Qatif Lane,412
510,512,1269 Ipoh Avenue,163
511,513,758 Korolev Parkway,568
512,514,1747 Rustenburg Place,110
513,515,886 Tonghae Place,259
514,516,1574 Goinia Boulevard,502
515,517,548 Uruapan Street,312
516,519,962 Tama Loop,583
517,520,1778 Gijn Manor,594
518,521,568 Dhule (Dhulia) Loop,127
519,522,1768 Udine Loop,60
520,523,608 Birgunj Parkway,116
521,524,680 A Corua (La Corua) Manor,482
522,525,1949 Sanya Street,224
523,526,617 Klerksdorp Place,366
524,527,1993 0 Loop,588
525,528,1176 Southend-on-Sea Manor,458
526,529,600 Purnea (Purnia) Avenue,571
527,530,1003 Qinhuangdao Street,419
528,531,1986 Sivas Place,551
529,532,1427 Tabuk Place,101
530,533,556 Asuncin Way,339
531,534,486 Ondo Parkway,67
532,535,635 Brest Manor,75
533,536,166 Jinchang Street,165
534,537,958 Sagamihara Lane,287
535,538,1817 Livorno Way,100
536,539,1332 Gaziantep Lane,80
537,540,949 Allende Lane,24
538,541,195 Ilorin Street,363
539,542,193 Bhusawal Place,539
540,543,43 Vilnius Manor,42
541,544,183 Haiphong Street,46
542,545,163 Augusta-Richmond County Loop,561
543,546,191 Jos Azueta Parkway,436
544,547,379 Lublin Parkway,309
545,548,1658 Cuman Loop,396
546,549,454 Qinhuangdao Drive,68
547,550,1715 Okayama Street,485
548,551,182 Nukualofa Drive,275
549,552,390 Wroclaw Way,462
550,553,1421 Quilmes Lane,260
551,554,947 Trshavn Place,528
552,555,1764 Jalib al-Shuyukh Parkway,459
553,556,346 Cam Ranh Avenue,599
554,557,1407 Pachuca de Soto Place,21
555,558,904 Clarksville Drive,193
556,559,1917 Kumbakonam Parkway,368
557,560,1447 Imus Place,426
558,561,1497 Fengshan Drive,112
559,562,869 Shikarpur Way,496
560,563,1059 Yuncheng Avenue,570
561,564,505 Madiun Boulevard,577
562,565,1741 Hoshiarpur Boulevard,79
563,566,1229 Varanasi (Benares) Manor,43
564,567,1894 Boa Vista Way,178
565,568,1342 Sharja Way,488
566,569,1342 Abha Boulevard,95
567,570,415 Pune Avenue,580
568,571,1746 Faaa Way,214
569,572,539 Hami Way,538
570,573,1407 Surakarta Manor,466
571,574,502 Mandi Bahauddin Parkway,55
572,575,1052 Pathankot Avenue,299
573,576,1351 Sousse Lane,341
574,577,1501 Pangkal Pinang Avenue,409
575,578,1405 Hagonoy Avenue,133
576,579,521 San Juan Bautista Tuxtepec Place,598
577,580,923 Tangail Boulevard,10
578,581,186 Skikda Lane,131
579,582,1568 Celaya Parkway,168
580,583,1489 Kakamigahara Lane,526
581,584,1819 Alessandria Loop,103
582,585,1208 Tama Loop,344
583,586,951 Springs Lane,219
584,587,760 Miyakonojo Drive,246
585,588,966 Asuncin Way,212
586,589,1584 Ljubertsy Lane,494
587,590,247 Jining Parkway,54
588,591,773 Dallas Manor,424
589,592,1923 Stara Zagora Lane,546
590,593,1402 Zanzibar Boulevard,106
591,594,1464 Kursk Parkway,574
592,595,1074 Sanaa Parkway,311
593,596,1759 Niznekamsk Avenue,14
594,597,32 Liaocheng Way,248
595,598,42 Fontana Avenue,512
596,599,1895 Zhezqazghan Drive,177
597,600,1837 Kaduna Parkway,241
598,601,844 Bucuresti Place,242
599,602,1101 Bucuresti Boulevard,401
600,603,1103 Quilmes Boulevard,503
601,604,1331 Usak Boulevard,296
602,605,1325 Fukuyama Street,537
